frame,person_id,conf,track_len,is_valid,reject_reason
1,1,0.903,1,False,Unstable_Track
1,2,0.793,1,False,Unstable_Track
1,3,0.791,1,False,Unstable_Track
1,4,0.717,1,False,Unstable_Track
1,5,0.677,1,False,Unstable_Track
1,6,0.628,1,False,Unstable_Track
1,7,0.534,1,False,Unstable_Track
1,8,0.475,1,False,Unstable_Track
2,1,0.897,2,False,Unstable_Track
2,2,0.783,2,False,Unstable_Track
2,3,0.793,2,False,Unstable_Track
2,4,0.708,2,False,Unstable_Track
2,5,0.676,2,False,Unstable_Track
2,6,0.6,2,False,Unstable_Track
2,7,0.462,2,False,Unstable_Track
2,8,0.545,2,False,Unstable_Track
3,1,0.9,3,False,Unstable_Track
3,2,0.818,3,False,Unstable_Track
3,3,0.755,3,False,Unstable_Track
3,4,0.624,3,False,Unstable_Track
3,5,0.707,3,False,Unstable_Track
3,6,0.553,3,False,Unstable_Track
3,8,0.559,3,False,Unstable_Track
4,1,0.901,4,False,Unstable_Track
4,2,0.829,4,False,Unstable_Track
4,3,0.732,4,False,Unstable_Track
4,4,0.336,4,False,Low_Conf
4,5,0.746,4,False,Unstable_Track
4,6,0.603,4,False,Unstable_Track
4,8,0.623,4,False,Unstable_Track
5,1,0.901,5,True,Valid
5,2,0.822,5,True,Valid
5,3,0.758,5,True,Valid
5,5,0.755,5,True,Valid
5,6,0.633,5,True,Valid
5,8,0.606,5,True,Valid
5,10,0.478,1,False,Unstable_Track
6,1,0.891,6,True,Valid
6,2,0.825,6,True,Valid
6,3,0.781,6,True,Valid
6,5,0.772,6,True,Valid
6,6,0.653,6,True,Valid
6,8,0.579,6,True,Valid
6,10,0.507,2,False,Unstable_Track
6,11,0.362,1,False,Unstable_Track
7,1,0.884,7,True,Valid
7,2,0.825,7,True,Valid
7,3,0.804,7,True,Valid
7,5,0.762,7,True,Valid
7,6,0.624,7,True,Valid
7,8,0.518,7,True,Valid
7,10,0.553,3,False,Unstable_Track
7,11,0.328,2,False,Low_Conf
8,1,0.886,8,True,Valid
8,2,0.851,8,True,Valid
8,3,0.845,8,True,Valid
8,5,0.741,8,True,Valid
8,6,0.625,8,True,Valid
8,8,0.475,8,True,Valid
8,10,0.544,4,False,Unstable_Track
8,11,0.283,3,False,Low_Conf
9,1,0.879,9,True,Valid
9,2,0.848,9,True,Valid
9,3,0.853,9,True,Valid
9,5,0.745,9,True,Valid
9,6,0.636,9,True,Valid
9,8,0.442,9,True,Valid
9,10,0.527,5,True,Valid
10,1,0.898,10,True,Valid
10,2,0.858,10,True,Valid
10,3,0.851,10,True,Valid
10,5,0.743,10,True,Valid
10,6,0.587,10,True,Valid
10,8,0.523,10,True,Valid
10,11,0.549,4,False,Unstable_Track
11,1,0.889,11,True,Valid
11,2,0.871,11,True,Valid
11,3,0.826,11,True,Valid
11,5,0.748,11,True,Valid
11,6,0.577,11,True,Valid
11,8,0.436,11,True,Valid
11,11,0.566,5,True,Valid
12,1,0.882,12,True,Valid
12,2,0.872,12,True,Valid
12,3,0.853,12,True,Valid
12,5,0.793,12,True,Valid
12,6,0.565,12,True,Valid
12,8,0.338,12,False,Low_Conf
12,11,0.608,6,True,Valid
13,1,0.852,13,True,Valid
13,2,0.884,13,True,Valid
13,3,0.872,13,True,Valid
13,5,0.801,13,True,Valid
13,6,0.537,13,True,Valid
13,8,0.376,13,True,Valid
13,11,0.635,7,True,Valid
13,12,0.328,1,False,Low_Conf
14,1,0.902,14,True,Valid
14,2,0.883,14,True,Valid
14,3,0.877,14,True,Valid
14,5,0.816,14,True,Valid
14,6,0.486,14,True,Valid
14,8,0.276,14,False,Low_Conf
14,11,0.649,8,True,Valid
14,12,0.451,2,False,Unstable_Track
15,1,0.9,15,True,Valid
15,2,0.879,15,True,Valid
15,3,0.881,15,True,Valid
15,5,0.806,15,True,Valid
15,6,0.487,15,True,Valid
15,8,0.264,15,False,Low_Conf
15,11,0.618,9,True,Valid
15,12,0.463,3,False,Unstable_Track
16,1,0.888,16,True,Valid
16,2,0.868,16,True,Valid
16,3,0.89,16,True,Valid
16,5,0.841,16,True,Valid
16,6,0.569,16,True,Valid
16,11,0.605,10,True,Valid
16,12,0.322,4,False,Low_Conf
17,1,0.895,17,True,Valid
17,2,0.862,17,True,Valid
17,3,0.89,17,True,Valid
17,5,0.83,17,True,Valid
17,6,0.489,17,True,Valid
17,11,0.597,11,True,Valid
18,1,0.91,18,True,Valid
18,2,0.852,18,True,Valid
18,3,0.891,18,True,Valid
18,5,0.83,18,True,Valid
18,6,0.434,18,True,Valid
18,11,0.613,12,True,Valid
18,12,0.316,5,False,Low_Conf
19,1,0.91,19,True,Valid
19,2,0.852,19,True,Valid
19,3,0.887,19,True,Valid
19,5,0.831,19,True,Valid
19,6,0.494,19,True,Valid
19,11,0.564,13,True,Valid
19,12,0.285,6,False,Low_Conf
20,1,0.922,20,True,Valid
20,2,0.848,20,True,Valid
20,3,0.889,20,True,Valid
20,5,0.825,20,True,Valid
20,6,0.421,20,True,Valid
20,11,0.579,14,True,Valid
20,12,0.424,7,True,Valid
20,14,0.446,1,False,Unstable_Track
21,1,0.928,21,True,Valid
21,2,0.847,21,True,Valid
21,3,0.884,21,True,Valid
21,5,0.83,21,True,Valid
21,6,0.548,21,True,Valid
21,11,0.58,15,True,Valid
21,12,0.518,8,True,Valid
22,1,0.921,22,True,Valid
22,2,0.84,22,True,Valid
22,3,0.87,22,True,Valid
22,5,0.836,22,True,Valid
22,6,0.496,22,True,Valid
22,11,0.606,16,True,Valid
22,12,0.409,9,True,Valid
22,8,0.383,16,True,Valid
23,1,0.908,23,True,Valid
23,2,0.841,23,True,Valid
23,3,0.871,23,True,Valid
23,5,0.85,23,True,Valid
23,6,0.483,23,True,Valid
23,11,0.602,17,True,Valid
23,12,0.446,10,True,Valid
23,8,0.292,17,False,Low_Conf
24,1,0.918,24,True,Valid
24,2,0.834,24,True,Valid
24,3,0.874,24,True,Valid
24,5,0.855,24,True,Valid
24,6,0.483,24,True,Valid
24,11,0.617,18,True,Valid
24,12,0.562,11,True,Valid
24,19,0.55,1,False,Unstable_Track
25,1,0.911,25,True,Valid
25,2,0.831,25,True,Valid
25,3,0.872,25,True,Valid
25,5,0.845,25,True,Valid
25,6,0.487,25,True,Valid
25,11,0.613,19,True,Valid
25,12,0.557,12,True,Valid
25,19,0.467,2,False,Unstable_Track
25,8,0.342,18,False,Low_Conf
26,1,0.925,26,True,Valid
26,2,0.828,26,True,Valid
26,3,0.871,26,True,Valid
26,5,0.84,26,True,Valid
26,6,0.523,26,True,Valid
26,11,0.558,20,True,Valid
26,12,0.546,13,True,Valid
26,22,0.397,1,False,Unstable_Track
26,8,0.363,19,True,Valid
27,1,0.93,27,True,Valid
27,2,0.816,27,True,Valid
27,3,0.871,27,True,Valid
27,5,0.838,27,True,Valid
27,6,0.496,27,True,Valid
27,11,0.623,21,True,Valid
27,12,0.586,14,True,Valid
27,22,0.361,2,False,Unstable_Track
28,1,0.927,28,True,Valid
28,2,0.814,28,True,Valid
28,3,0.859,28,True,Valid
28,5,0.832,28,True,Valid
28,6,0.511,28,True,Valid
28,11,0.576,22,True,Valid
28,12,0.478,15,True,Valid
28,22,0.256,3,False,Low_Conf
28,24,0.371,1,False,Unstable_Track
29,1,0.923,29,True,Valid
29,2,0.827,29,True,Valid
29,3,0.844,29,True,Valid
29,5,0.835,29,True,Valid
29,6,0.395,29,True,Valid
29,11,0.587,23,True,Valid
29,12,0.441,16,True,Valid
29,22,0.331,4,False,Low_Conf
29,24,0.413,2,False,Unstable_Track
30,1,0.922,30,True,Valid
30,2,0.825,30,True,Valid
30,3,0.846,30,True,Valid
30,5,0.856,30,True,Valid
30,6,0.398,30,True,Valid
30,11,0.555,24,True,Valid
30,12,0.54,17,True,Valid
30,22,0.433,5,True,Valid
31,1,0.907,31,True,Valid
31,2,0.812,31,True,Valid
31,3,0.851,31,True,Valid
31,5,0.861,31,True,Valid
31,6,0.529,31,True,Valid
31,11,0.568,25,True,Valid
31,12,0.505,18,True,Valid
31,22,0.435,6,True,Valid
31,8,0.275,20,False,Low_Conf
32,1,0.872,32,True,Valid
32,2,0.828,32,True,Valid
32,3,0.861,32,True,Valid
32,5,0.867,32,True,Valid
32,6,0.508,32,True,Valid
32,11,0.674,26,True,Valid
32,12,0.482,19,True,Valid
32,22,0.38,7,True,Valid
32,8,0.331,21,False,Low_Conf
33,1,0.847,33,True,Valid
33,2,0.837,33,True,Valid
33,3,0.863,33,True,Valid
33,5,0.855,33,True,Valid
33,6,0.655,33,True,Valid
33,11,0.7,27,True,Valid
33,12,0.388,20,True,Valid
33,22,0.275,8,False,Low_Conf
34,1,0.851,34,True,Valid
34,2,0.847,34,True,Valid
34,3,0.86,34,True,Valid
34,5,0.845,34,True,Valid
34,6,0.579,34,True,Valid
34,11,0.713,28,True,Valid
34,12,0.319,21,False,Low_Conf
35,1,0.844,35,True,Valid
35,2,0.869,35,True,Valid
35,3,0.853,35,True,Valid
35,5,0.845,35,True,Valid
35,6,0.554,35,True,Valid
35,11,0.688,29,True,Valid
35,12,0.25,22,False,Low_Conf
36,1,0.865,36,True,Valid
36,2,0.872,36,True,Valid
36,3,0.859,36,True,Valid
36,5,0.845,36,True,Valid
36,6,0.55,36,True,Valid
36,11,0.685,30,True,Valid
36,12,0.3,23,False,Low_Conf
37,1,0.89,37,True,Valid
37,2,0.881,37,True,Valid
37,3,0.855,37,True,Valid
37,5,0.862,37,True,Valid
37,6,0.356,37,True,Valid
37,11,0.673,31,True,Valid
37,12,0.359,24,True,Valid
38,1,0.886,38,True,Valid
38,2,0.863,38,True,Valid
38,3,0.865,38,True,Valid
38,5,0.869,38,True,Valid
38,6,0.559,38,True,Valid
38,11,0.699,32,True,Valid
38,12,0.446,25,True,Valid
38,31,0.517,1,False,Unstable_Track
38,32,0.345,1,False,Low_Conf
39,1,0.867,39,True,Valid
39,2,0.861,39,True,Valid
39,3,0.858,39,True,Valid
39,5,0.858,39,True,Valid
39,6,0.489,39,True,Valid
39,11,0.67,33,True,Valid
39,12,0.365,26,True,Valid
39,31,0.62,2,False,Unstable_Track
39,32,0.399,2,False,Unstable_Track
39,22,0.292,9,False,Low_Conf
40,1,0.878,40,True,Valid
40,2,0.846,40,True,Valid
40,3,0.854,40,True,Valid
40,5,0.863,40,True,Valid
40,11,0.652,34,True,Valid
40,12,0.361,27,True,Valid
40,31,0.644,3,False,Unstable_Track
40,22,0.308,10,False,Low_Conf
41,1,0.882,41,True,Valid
41,2,0.822,41,True,Valid
41,3,0.842,41,True,Valid
41,5,0.854,41,True,Valid
41,11,0.672,35,True,Valid
41,12,0.274,28,False,Low_Conf
41,31,0.676,4,False,Unstable_Track
41,22,0.393,11,True,Valid
41,6,0.284,40,False,Low_Conf
42,1,0.895,42,True,Valid
42,2,0.812,42,True,Valid
42,3,0.846,42,True,Valid
42,5,0.856,42,True,Valid
42,11,0.693,36,True,Valid
42,31,0.694,5,True,Valid
42,22,0.346,12,False,Low_Conf
42,6,0.335,41,False,Low_Conf
43,1,0.908,43,True,Valid
43,2,0.809,43,True,Valid
43,3,0.839,43,True,Valid
43,5,0.852,43,True,Valid
43,11,0.662,37,True,Valid
43,31,0.674,6,True,Valid
43,22,0.388,13,True,Valid
43,6,0.342,42,False,Low_Conf
44,1,0.904,44,True,Valid
44,2,0.84,44,True,Valid
44,3,0.831,44,True,Valid
44,5,0.85,44,True,Valid
44,11,0.691,38,True,Valid
44,31,0.633,7,True,Valid
44,22,0.409,14,True,Valid
44,6,0.266,43,False,Low_Conf
44,12,0.276,29,False,Low_Conf
45,1,0.908,45,True,Valid
45,2,0.838,45,True,Valid
45,3,0.826,45,True,Valid
45,5,0.85,45,True,Valid
45,11,0.714,39,True,Valid
45,31,0.645,8,True,Valid
45,22,0.504,15,True,Valid
45,12,0.396,30,True,Valid
46,1,0.905,46,True,Valid
46,2,0.83,46,True,Valid
46,3,0.816,46,True,Valid
46,5,0.826,46,True,Valid
46,11,0.705,40,True,Valid
46,31,0.627,9,True,Valid
46,22,0.51,16,True,Valid
46,12,0.313,31,False,Low_Conf
46,6,0.342,44,False,Low_Conf
47,1,0.88,47,True,Valid
47,2,0.813,47,True,Valid
47,3,0.814,47,True,Valid
47,5,0.82,47,True,Valid
47,11,0.7,41,True,Valid
47,31,0.695,10,True,Valid
47,22,0.555,17,True,Valid
47,12,0.254,32,False,Low_Conf
47,35,0.407,1,False,Unstable_Track
47,6,0.357,45,True,Valid
47,24,0.414,3,False,Unstable_Track
48,1,0.873,48,True,Valid
48,2,0.798,48,True,Valid
48,3,0.831,48,True,Valid
48,5,0.834,48,True,Valid
48,11,0.659,42,True,Valid
48,31,0.718,11,True,Valid
48,22,0.675,18,True,Valid
48,12,0.324,33,False,Low_Conf
48,35,0.452,2,False,Unstable_Track
48,6,0.387,46,True,Valid
48,24,0.38,4,False,Unstable_Track
49,1,0.887,49,True,Valid
49,2,0.792,49,True,Valid
49,3,0.848,49,True,Valid
49,5,0.839,49,True,Valid
49,11,0.651,43,True,Valid
49,31,0.76,12,True,Valid
49,22,0.666,19,True,Valid
49,12,0.295,34,False,Low_Conf
49,35,0.535,3,False,Unstable_Track
49,6,0.294,47,False,Low_Conf
49,24,0.356,5,True,Valid
50,1,0.88,50,True,Valid
50,2,0.775,50,True,Valid
50,3,0.827,50,True,Valid
50,5,0.846,50,True,Valid
50,11,0.647,44,True,Valid
50,31,0.764,13,True,Valid
50,22,0.588,20,True,Valid
50,35,0.476,4,False,Unstable_Track
51,1,0.874,51,True,Valid
51,2,0.776,51,True,Valid
51,3,0.813,51,True,Valid
51,5,0.855,51,True,Valid
51,11,0.631,45,True,Valid
51,31,0.779,14,True,Valid
51,22,0.648,21,True,Valid
51,35,0.491,5,True,Valid
51,12,0.266,35,False,Low_Conf
51,6,0.428,48,True,Valid
52,1,0.878,52,True,Valid
52,2,0.794,52,True,Valid
52,3,0.823,52,True,Valid
52,5,0.87,52,True,Valid
52,11,0.611,46,True,Valid
52,31,0.722,15,True,Valid
52,22,0.647,22,True,Valid
52,35,0.482,6,True,Valid
52,40,0.493,1,False,Unstable_Track
52,12,0.421,36,True,Valid
52,6,0.489,49,True,Valid
53,1,0.883,53,True,Valid
53,2,0.772,53,True,Valid
53,3,0.799,53,True,Valid
53,5,0.868,53,True,Valid
53,11,0.619,47,True,Valid
53,31,0.73,16,True,Valid
53,22,0.584,23,True,Valid
53,35,0.491,7,True,Valid
53,40,0.362,2,False,Unstable_Track
53,12,0.454,37,True,Valid
53,6,0.449,50,True,Valid
54,1,0.883,54,True,Valid
54,2,0.781,54,True,Valid
54,3,0.782,54,True,Valid
54,5,0.869,54,True,Valid
54,11,0.578,48,True,Valid
54,31,0.728,17,True,Valid
54,22,0.508,24,True,Valid
54,35,0.502,8,True,Valid
54,40,0.436,3,False,Unstable_Track
54,12,0.387,38,True,Valid
54,6,0.474,51,True,Valid
55,1,0.884,55,True,Valid
55,2,0.798,55,True,Valid
55,3,0.8,55,True,Valid
55,5,0.865,55,True,Valid
55,11,0.568,49,True,Valid
55,31,0.701,18,True,Valid
55,22,0.595,25,True,Valid
55,35,0.553,9,True,Valid
55,40,0.545,4,False,Unstable_Track
55,12,0.507,39,True,Valid
55,6,0.507,52,True,Valid
56,1,0.875,56,True,Valid
56,2,0.815,56,True,Valid
56,3,0.807,56,True,Valid
56,5,0.854,56,True,Valid
56,11,0.567,50,True,Valid
56,31,0.715,19,True,Valid
56,22,0.602,26,True,Valid
56,35,0.557,10,True,Valid
56,40,0.444,5,True,Valid
56,12,0.555,40,True,Valid
56,6,0.5,53,True,Valid
57,1,0.877,57,True,Valid
57,2,0.835,57,True,Valid
57,3,0.809,57,True,Valid
57,5,0.845,57,True,Valid
57,11,0.501,51,True,Valid
57,31,0.724,20,True,Valid
57,22,0.588,27,True,Valid
57,35,0.621,11,True,Valid
57,40,0.431,6,True,Valid
57,12,0.543,41,True,Valid
57,6,0.464,54,True,Valid
58,1,0.878,58,True,Valid
58,2,0.846,58,True,Valid
58,3,0.827,58,True,Valid
58,5,0.836,58,True,Valid
58,11,0.545,52,True,Valid
58,31,0.719,21,True,Valid
58,22,0.549,28,True,Valid
58,35,0.665,12,True,Valid
58,40,0.448,7,True,Valid
58,12,0.474,42,True,Valid
58,6,0.5,55,True,Valid
59,1,0.878,59,True,Valid
59,2,0.863,59,True,Valid
59,3,0.833,59,True,Valid
59,5,0.835,59,True,Valid
59,11,0.528,53,True,Valid
59,31,0.706,22,True,Valid
59,22,0.576,29,True,Valid
59,35,0.694,13,True,Valid
59,40,0.444,8,True,Valid
59,12,0.503,43,True,Valid
59,6,0.456,56,True,Valid
60,1,0.88,60,True,Valid
60,2,0.853,60,True,Valid
60,3,0.85,60,True,Valid
60,5,0.83,60,True,Valid
60,11,0.503,54,True,Valid
60,31,0.719,23,True,Valid
60,22,0.354,30,True,Valid
60,35,0.736,14,True,Valid
60,40,0.413,9,True,Valid
60,12,0.473,44,True,Valid
60,6,0.46,57,True,Valid
61,1,0.886,61,True,Valid
61,2,0.834,61,True,Valid
61,3,0.846,61,True,Valid
61,5,0.822,61,True,Valid
61,11,0.495,55,True,Valid
61,31,0.732,24,True,Valid
61,22,0.28,31,False,Low_Conf
61,35,0.78,15,True,Valid
61,40,0.565,10,True,Valid
61,12,0.46,45,True,Valid
61,6,0.518,58,True,Valid
62,1,0.884,62,True,Valid
62,2,0.86,62,True,Valid
62,3,0.842,62,True,Valid
62,5,0.845,62,True,Valid
62,11,0.504,56,True,Valid
62,31,0.734,25,True,Valid
62,35,0.82,16,True,Valid
62,40,0.599,11,True,Valid
62,12,0.474,46,True,Valid
62,6,0.577,59,True,Valid
63,1,0.877,63,True,Valid
63,2,0.854,63,True,Valid
63,3,0.835,63,True,Valid
63,5,0.848,63,True,Valid
63,11,0.464,57,True,Valid
63,31,0.719,26,True,Valid
63,35,0.822,17,True,Valid
63,40,0.464,12,True,Valid
63,12,0.496,47,True,Valid
63,6,0.516,60,True,Valid
63,8,0.361,22,True,Valid
64,1,0.868,64,True,Valid
64,2,0.842,64,True,Valid
64,3,0.817,64,True,Valid
64,5,0.852,64,True,Valid
64,11,0.356,58,True,Valid
64,31,0.72,27,True,Valid
64,35,0.836,18,True,Valid
64,40,0.338,13,False,Low_Conf
64,12,0.497,48,True,Valid
64,6,0.584,61,True,Valid
64,8,0.46,23,True,Valid
65,1,0.871,65,True,Valid
65,2,0.849,65,True,Valid
65,3,0.828,65,True,Valid
65,5,0.853,65,True,Valid
65,31,0.728,28,True,Valid
65,35,0.835,19,True,Valid
65,12,0.571,49,True,Valid
65,6,0.509,62,True,Valid
65,8,0.565,24,True,Valid
66,1,0.923,66,True,Valid
66,2,0.869,66,True,Valid
66,3,0.832,66,True,Valid
66,5,0.845,66,True,Valid
66,31,0.727,29,True,Valid
66,35,0.865,20,True,Valid
66,12,0.567,50,True,Valid
66,6,0.496,63,True,Valid
66,8,0.582,25,True,Valid
67,1,0.938,67,True,Valid
67,2,0.858,67,True,Valid
67,3,0.836,67,True,Valid
67,5,0.844,67,True,Valid
67,31,0.725,30,True,Valid
67,35,0.873,21,True,Valid
67,12,0.473,51,True,Valid
67,6,0.534,64,True,Valid
67,8,0.435,26,True,Valid
68,1,0.929,68,True,Valid
68,2,0.857,68,True,Valid
68,3,0.829,68,True,Valid
68,5,0.844,68,True,Valid
68,31,0.699,31,True,Valid
68,35,0.872,22,True,Valid
68,12,0.488,52,True,Valid
68,6,0.543,65,True,Valid
68,8,0.499,27,True,Valid
69,1,0.936,69,True,Valid
69,2,0.841,69,True,Valid
69,3,0.824,69,True,Valid
69,5,0.851,69,True,Valid
69,31,0.713,32,True,Valid
69,35,0.89,23,True,Valid
69,12,0.343,53,False,Low_Conf
69,6,0.516,66,True,Valid
69,8,0.614,28,True,Valid
70,1,0.917,70,True,Valid
70,2,0.835,70,True,Valid
70,3,0.8,70,True,Valid
70,5,0.863,70,True,Valid
70,31,0.708,33,True,Valid
70,35,0.889,24,True,Valid
70,12,0.417,54,True,Valid
70,6,0.582,67,True,Valid
70,8,0.624,29,True,Valid
70,45,0.432,1,False,Unstable_Track
71,1,0.905,71,True,Valid
71,2,0.847,71,True,Valid
71,3,0.84,71,True,Valid
71,5,0.842,71,True,Valid
71,31,0.714,34,True,Valid
71,35,0.879,25,True,Valid
71,12,0.33,55,False,Low_Conf
71,6,0.54,68,True,Valid
71,8,0.59,30,True,Valid
71,45,0.478,2,False,Unstable_Track
72,1,0.895,72,True,Valid
72,2,0.845,72,True,Valid
72,3,0.834,72,True,Valid
72,5,0.839,72,True,Valid
72,31,0.715,35,True,Valid
72,35,0.874,26,True,Valid
72,6,0.44,69,True,Valid
72,8,0.606,31,True,Valid
72,45,0.49,3,False,Unstable_Track
73,1,0.9,73,True,Valid
73,2,0.835,73,True,Valid
73,3,0.82,73,True,Valid
73,5,0.823,73,True,Valid
73,31,0.744,36,True,Valid
73,35,0.894,27,True,Valid
73,6,0.457,70,True,Valid
73,8,0.615,32,True,Valid
73,45,0.453,4,False,Unstable_Track
74,1,0.896,74,True,Valid
74,2,0.847,74,True,Valid
74,3,0.822,74,True,Valid
74,5,0.815,74,True,Valid
74,31,0.72,37,True,Valid
74,35,0.892,28,True,Valid
74,6,0.349,71,False,Low_Conf
74,8,0.56,33,True,Valid
74,45,0.438,5,True,Valid
75,1,0.891,75,True,Valid
75,2,0.845,75,True,Valid
75,3,0.847,75,True,Valid
75,5,0.799,75,True,Valid
75,31,0.704,38,True,Valid
75,35,0.88,29,True,Valid
75,6,0.543,72,True,Valid
75,8,0.483,34,True,Valid
75,45,0.463,6,True,Valid
76,1,0.899,76,True,Valid
76,2,0.854,76,True,Valid
76,3,0.847,76,True,Valid
76,5,0.82,76,True,Valid
76,31,0.697,39,True,Valid
76,35,0.886,30,True,Valid
76,6,0.472,73,True,Valid
76,8,0.54,35,True,Valid
76,45,0.508,7,True,Valid
77,1,0.899,77,True,Valid
77,2,0.859,77,True,Valid
77,3,0.841,77,True,Valid
77,5,0.837,77,True,Valid
77,31,0.696,40,True,Valid
77,35,0.887,31,True,Valid
77,6,0.362,74,True,Valid
77,8,0.549,36,True,Valid
77,45,0.498,8,True,Valid
78,1,0.904,78,True,Valid
78,2,0.849,78,True,Valid
78,3,0.842,78,True,Valid
78,5,0.839,78,True,Valid
78,31,0.689,41,True,Valid
78,35,0.881,32,True,Valid
78,8,0.504,37,True,Valid
78,45,0.462,9,True,Valid
79,1,0.909,79,True,Valid
79,2,0.852,79,True,Valid
79,3,0.834,79,True,Valid
79,5,0.823,79,True,Valid
79,31,0.682,42,True,Valid
79,35,0.885,33,True,Valid
79,8,0.504,38,True,Valid
79,45,0.445,10,True,Valid
80,1,0.906,80,True,Valid
80,2,0.862,80,True,Valid
80,3,0.851,80,True,Valid
80,5,0.841,80,True,Valid
80,31,0.682,43,True,Valid
80,35,0.89,34,True,Valid
80,8,0.453,39,True,Valid
80,45,0.453,11,True,Valid
81,1,0.907,81,True,Valid
81,2,0.848,81,True,Valid
81,3,0.835,81,True,Valid
81,5,0.812,81,True,Valid
81,31,0.686,44,True,Valid
81,35,0.879,35,True,Valid
81,8,0.499,40,True,Valid
81,45,0.439,12,True,Valid
81,6,0.282,75,False,Low_Conf
82,1,0.907,82,True,Valid
82,2,0.846,82,True,Valid
82,3,0.843,82,True,Valid
82,5,0.813,82,True,Valid
82,31,0.714,45,True,Valid
82,35,0.891,36,True,Valid
82,8,0.534,41,True,Valid
82,45,0.432,13,True,Valid
82,6,0.264,76,False,Low_Conf
83,1,0.904,83,True,Valid
83,2,0.842,83,True,Valid
83,3,0.839,83,True,Valid
83,5,0.803,83,True,Valid
83,31,0.708,46,True,Valid
83,35,0.894,37,True,Valid
83,8,0.606,42,True,Valid
83,45,0.369,14,True,Valid
84,1,0.896,84,True,Valid
84,2,0.833,84,True,Valid
84,3,0.837,84,True,Valid
84,5,0.815,84,True,Valid
84,31,0.732,47,True,Valid
84,35,0.886,38,True,Valid
84,8,0.393,43,True,Valid
84,45,0.307,15,False,Low_Conf
85,1,0.895,85,True,Valid
85,2,0.833,85,True,Valid
85,3,0.839,85,True,Valid
85,5,0.806,85,True,Valid
85,31,0.708,48,True,Valid
85,35,0.893,39,True,Valid
85,8,0.563,44,True,Valid
85,45,0.299,16,False,Low_Conf
85,6,0.323,77,False,Low_Conf
86,1,0.908,86,True,Valid
86,2,0.831,86,True,Valid
86,3,0.841,86,True,Valid
86,5,0.804,86,True,Valid
86,31,0.712,49,True,Valid
86,35,0.898,40,True,Valid
86,8,0.599,45,True,Valid
86,6,0.32,78,False,Low_Conf
87,1,0.913,87,True,Valid
87,2,0.825,87,True,Valid
87,3,0.818,87,True,Valid
87,5,0.829,87,True,Valid
87,31,0.657,50,True,Valid
87,35,0.893,41,True,Valid
87,8,0.527,46,True,Valid
88,1,0.914,88,True,Valid
88,2,0.841,88,True,Valid
88,3,0.803,88,True,Valid
88,5,0.841,88,True,Valid
88,31,0.652,51,True,Valid
88,35,0.892,42,True,Valid
88,8,0.502,47,True,Valid
88,40,0.298,14,False,Low_Conf
89,1,0.918,89,True,Valid
89,2,0.841,89,True,Valid
89,3,0.783,89,True,Valid
89,5,0.836,89,True,Valid
89,31,0.57,52,True,Valid
89,35,0.899,43,True,Valid
89,8,0.476,48,True,Valid
89,47,0.397,1,False,Invalid_Aspect
90,1,0.906,90,True,Valid
90,2,0.838,90,True,Valid
90,3,0.769,90,True,Valid
90,5,0.846,90,True,Valid
90,31,0.545,53,True,Valid
90,35,0.909,44,True,Valid
90,8,0.465,49,True,Valid
90,47,0.362,2,False,Invalid_Aspect
91,1,0.924,91,True,Valid
91,2,0.845,91,True,Valid
91,3,0.821,91,True,Valid
91,5,0.861,91,True,Valid
91,31,0.557,54,True,Valid
91,35,0.909,45,True,Valid
91,8,0.333,50,False,Low_Conf
91,47,0.397,3,False,Invalid_Aspect
91,40,0.392,15,True,Valid
92,1,0.924,92,True,Valid
92,2,0.842,92,True,Valid
92,3,0.818,92,True,Valid
92,5,0.847,92,True,Valid
92,31,0.603,55,True,Valid
92,35,0.908,46,True,Valid
92,8,0.448,51,True,Valid
92,47,0.448,4,False,Invalid_Aspect
92,40,0.475,16,True,Valid
93,1,0.915,93,True,Valid
93,2,0.843,93,True,Valid
93,3,0.828,93,True,Valid
93,5,0.828,93,True,Valid
93,31,0.664,56,True,Valid
93,35,0.904,47,True,Valid
93,8,0.251,52,False,Low_Conf
93,47,0.459,5,False,Invalid_Aspect
93,40,0.48,17,True,Valid
94,1,0.916,94,True,Valid
94,2,0.841,94,True,Valid
94,3,0.846,94,True,Valid
94,5,0.827,94,True,Valid
94,31,0.679,57,True,Valid
94,35,0.909,48,True,Valid
94,47,0.526,6,False,Invalid_Aspect
94,40,0.379,18,True,Valid
95,1,0.923,95,True,Valid
95,2,0.84,95,True,Valid
95,3,0.854,95,True,Valid
95,5,0.833,95,True,Valid
95,31,0.776,58,True,Valid
95,35,0.908,49,True,Valid
95,47,0.664,7,False,Invalid_Aspect
95,40,0.453,19,True,Valid
96,1,0.923,96,True,Valid
96,2,0.859,96,True,Valid
96,3,0.856,96,True,Valid
96,5,0.834,96,True,Valid
96,31,0.784,59,True,Valid
96,35,0.912,50,True,Valid
96,47,0.723,8,False,Invalid_Aspect
96,40,0.462,20,True,Valid
96,53,0.399,1,False,Invalid_Aspect
97,1,0.917,97,True,Valid
97,2,0.87,97,True,Valid
97,3,0.839,97,True,Valid
97,5,0.817,97,True,Valid
97,31,0.793,60,True,Valid
97,35,0.899,51,True,Valid
97,47,0.746,9,False,Invalid_Aspect
97,40,0.549,21,True,Valid
98,1,0.918,98,True,Valid
98,2,0.874,98,True,Valid
98,3,0.852,98,True,Valid
98,5,0.848,98,True,Valid
98,31,0.783,61,True,Valid
98,35,0.9,52,True,Valid
98,47,0.805,10,False,Invalid_Aspect
98,40,0.403,22,True,Valid
98,8,0.392,53,True,Valid
99,1,0.93,99,True,Valid
99,2,0.841,99,True,Valid
99,3,0.857,99,True,Valid
99,5,0.831,99,True,Valid
99,31,0.769,62,True,Valid
99,35,0.904,53,True,Valid
99,47,0.805,11,False,Invalid_Aspect
99,40,0.462,23,True,Valid
99,8,0.421,54,True,Valid
100,1,0.94,100,True,Valid
100,2,0.836,100,True,Valid
100,3,0.851,100,True,Valid
100,5,0.823,100,True,Valid
100,31,0.733,63,True,Valid
100,35,0.897,54,True,Valid
100,47,0.818,12,False,Invalid_Aspect
100,40,0.438,24,True,Valid
101,1,0.948,101,True,Valid
101,2,0.809,101,True,Valid
101,3,0.839,101,True,Valid
101,5,0.814,101,True,Valid
101,31,0.696,64,True,Valid
101,35,0.883,55,True,Valid
101,47,0.812,13,False,Invalid_Aspect
101,40,0.43,25,True,Valid
102,1,0.948,102,True,Valid
102,2,0.817,102,True,Valid
102,3,0.842,102,True,Valid
102,5,0.811,102,True,Valid
102,31,0.683,65,True,Valid
102,35,0.879,56,True,Valid
102,47,0.82,14,True,Valid
102,40,0.485,26,True,Valid
102,12,0.47,56,True,Valid
103,1,0.946,103,True,Valid
103,2,0.821,103,True,Valid
103,3,0.825,103,True,Valid
103,5,0.81,103,True,Valid
103,31,0.704,66,True,Valid
103,35,0.886,57,True,Valid
103,47,0.817,15,True,Valid
103,40,0.412,27,True,Valid
103,12,0.393,57,True,Valid
104,1,0.939,104,True,Valid
104,2,0.832,104,True,Valid
104,3,0.825,104,True,Valid
104,5,0.816,104,True,Valid
104,31,0.758,67,True,Valid
104,35,0.879,58,True,Valid
104,47,0.825,16,True,Valid
104,40,0.433,28,True,Valid
104,12,0.495,58,True,Valid
104,8,0.324,55,False,Low_Conf
105,1,0.933,105,True,Valid
105,2,0.834,105,True,Valid
105,3,0.83,105,True,Valid
105,5,0.821,105,True,Valid
105,31,0.778,68,True,Valid
105,35,0.886,59,True,Valid
105,47,0.814,17,True,Valid
105,40,0.405,29,True,Valid
105,12,0.615,59,True,Valid
106,1,0.937,106,True,Valid
106,2,0.837,106,True,Valid
106,3,0.832,106,True,Valid
106,5,0.821,106,True,Valid
106,31,0.767,69,True,Valid
106,35,0.882,60,True,Valid
106,47,0.826,18,True,Valid
106,40,0.37,30,True,Valid
106,12,0.571,60,True,Valid
107,1,0.934,107,True,Valid
107,2,0.833,107,True,Valid
107,3,0.838,107,True,Valid
107,5,0.826,107,True,Valid
107,31,0.776,70,True,Valid
107,35,0.867,61,True,Valid
107,47,0.811,19,True,Valid
107,40,0.408,31,True,Valid
107,12,0.6,61,True,Valid
108,1,0.932,108,True,Valid
108,2,0.824,108,True,Valid
108,3,0.842,108,True,Valid
108,5,0.833,108,True,Valid
108,31,0.745,71,True,Valid
108,35,0.863,62,True,Valid
108,47,0.832,20,True,Valid
108,40,0.419,32,True,Valid
108,12,0.62,62,True,Valid
109,1,0.925,109,True,Valid
109,2,0.787,109,True,Valid
109,3,0.851,109,True,Valid
109,5,0.821,109,True,Valid
109,31,0.758,72,True,Valid
109,35,0.849,63,True,Valid
109,47,0.832,21,True,Valid
109,40,0.39,33,True,Valid
109,12,0.608,63,True,Valid
110,1,0.927,110,True,Valid
110,2,0.791,110,True,Valid
110,3,0.848,110,True,Valid
110,5,0.834,110,True,Valid
110,31,0.73,73,True,Valid
110,35,0.84,64,True,Valid
110,47,0.811,22,True,Valid
110,40,0.44,34,True,Valid
110,12,0.611,64,True,Valid
111,1,0.927,111,True,Valid
111,2,0.802,111,True,Valid
111,3,0.852,111,True,Valid
111,5,0.83,111,True,Valid
111,31,0.701,74,True,Valid
111,35,0.851,65,True,Valid
111,47,0.809,23,True,Valid
111,40,0.481,35,True,Valid
111,12,0.395,65,True,Valid
112,1,0.932,112,True,Valid
112,2,0.808,112,True,Valid
112,3,0.864,112,True,Valid
112,5,0.831,112,True,Valid
112,31,0.673,75,True,Valid
112,35,0.871,66,True,Valid
112,47,0.808,24,True,Valid
112,40,0.507,36,True,Valid
112,12,0.334,66,False,Low_Conf
113,1,0.928,113,True,Valid
113,2,0.807,113,True,Valid
113,3,0.862,113,True,Valid
113,5,0.841,113,True,Valid
113,31,0.7,76,True,Valid
113,35,0.87,67,True,Valid
113,47,0.818,25,True,Valid
113,40,0.571,37,True,Valid
114,1,0.924,114,True,Valid
114,2,0.819,114,True,Valid
114,3,0.87,114,True,Valid
114,5,0.847,114,True,Valid
114,31,0.723,77,True,Valid
114,35,0.892,68,True,Valid
114,47,0.831,26,True,Valid
114,40,0.55,38,True,Valid
115,1,0.917,115,True,Valid
115,2,0.836,115,True,Valid
115,3,0.866,115,True,Valid
115,5,0.862,115,True,Valid
115,31,0.703,78,True,Valid
115,35,0.876,69,True,Valid
115,47,0.836,27,True,Valid
115,40,0.577,39,True,Valid
116,1,0.921,116,True,Valid
116,2,0.842,116,True,Valid
116,3,0.873,116,True,Valid
116,5,0.857,116,True,Valid
116,31,0.753,79,True,Valid
116,35,0.863,70,True,Valid
116,47,0.85,28,True,Valid
116,40,0.557,40,True,Valid
117,1,0.921,117,True,Valid
117,2,0.842,117,True,Valid
117,3,0.883,117,True,Valid
117,5,0.833,117,True,Valid
117,31,0.775,80,True,Valid
117,35,0.844,71,True,Valid
117,47,0.865,29,True,Valid
117,40,0.56,41,True,Valid
117,65,0.356,1,False,Unstable_Track
118,1,0.923,118,True,Valid
118,2,0.843,118,True,Valid
118,3,0.887,118,True,Valid
118,5,0.823,118,True,Valid
118,31,0.746,81,True,Valid
118,35,0.824,72,True,Valid
118,47,0.874,30,True,Valid
118,40,0.575,42,True,Valid
118,65,0.409,2,False,Unstable_Track
119,1,0.91,119,True,Valid
119,2,0.84,119,True,Valid
119,3,0.87,119,True,Valid
119,5,0.806,119,True,Valid
119,31,0.776,82,True,Valid
119,35,0.829,73,True,Valid
119,47,0.888,31,True,Valid
119,40,0.589,43,True,Valid
119,65,0.587,3,False,Unstable_Track
120,1,0.879,120,True,Valid
120,2,0.848,120,True,Valid
120,3,0.868,120,True,Valid
120,5,0.748,120,True,Valid
120,31,0.748,83,True,Valid
120,35,0.83,74,True,Valid
120,47,0.882,32,True,Valid
120,40,0.589,44,True,Valid
120,65,0.653,4,False,Unstable_Track
121,1,0.908,121,True,Valid
121,2,0.838,121,True,Valid
121,3,0.849,121,True,Valid
121,5,0.716,121,True,Valid
121,31,0.732,84,True,Valid
121,35,0.843,75,True,Valid
121,47,0.86,33,True,Valid
121,40,0.632,45,True,Valid
121,65,0.706,5,True,Valid
122,1,0.913,122,True,Valid
122,2,0.846,122,True,Valid
122,3,0.851,122,True,Valid
122,5,0.698,122,True,Valid
122,31,0.716,85,True,Valid
122,35,0.872,76,True,Valid
122,47,0.859,34,True,Valid
122,40,0.607,46,True,Valid
122,65,0.743,6,True,Valid
123,1,0.916,123,True,Valid
123,2,0.846,123,True,Valid
123,3,0.86,123,True,Valid
123,5,0.738,123,True,Valid
123,31,0.708,86,True,Valid
123,35,0.875,77,True,Valid
123,47,0.865,35,True,Valid
123,40,0.621,47,True,Valid
123,65,0.735,7,True,Valid
124,1,0.919,124,True,Valid
124,2,0.84,124,True,Valid
124,3,0.855,124,True,Valid
124,5,0.751,124,True,Valid
124,31,0.72,87,True,Valid
124,35,0.875,78,True,Valid
124,47,0.884,36,True,Valid
124,40,0.655,48,True,Valid
124,65,0.742,8,True,Valid
125,1,0.917,125,True,Valid
125,2,0.824,125,True,Valid
125,3,0.865,125,True,Valid
125,5,0.72,125,True,Valid
125,31,0.67,88,True,Valid
125,35,0.88,79,True,Valid
125,47,0.899,37,True,Valid
125,40,0.651,49,True,Valid
125,65,0.745,9,True,Valid
126,1,0.921,126,True,Valid
126,2,0.829,126,True,Valid
126,3,0.868,126,True,Valid
126,5,0.645,126,True,Valid
126,31,0.63,89,True,Valid
126,35,0.885,80,True,Valid
126,47,0.89,38,True,Valid
126,40,0.662,50,True,Valid
126,65,0.745,10,True,Valid
127,1,0.918,127,True,Valid
127,2,0.84,127,True,Valid
127,3,0.856,127,True,Valid
127,5,0.697,127,True,Valid
127,31,0.62,90,True,Valid
127,35,0.891,81,True,Valid
127,47,0.88,39,True,Valid
127,40,0.66,51,True,Valid
127,65,0.739,11,True,Valid
128,1,0.928,128,True,Valid
128,2,0.845,128,True,Valid
128,3,0.86,128,True,Valid
128,5,0.686,128,True,Valid
128,31,0.62,91,True,Valid
128,35,0.889,82,True,Valid
128,47,0.878,40,True,Valid
128,40,0.638,52,True,Valid
128,65,0.737,12,True,Valid
129,1,0.929,129,True,Valid
129,2,0.841,129,True,Valid
129,3,0.865,129,True,Valid
129,5,0.502,129,True,Valid
129,31,0.629,92,True,Valid
129,35,0.886,83,True,Valid
129,47,0.854,41,True,Valid
129,40,0.612,53,True,Valid
129,65,0.711,13,True,Valid
129,12,0.32,67,False,Low_Conf
130,1,0.927,130,True,Valid
130,2,0.845,130,True,Valid
130,3,0.858,130,True,Valid
130,31,0.678,93,True,Valid
130,35,0.886,84,True,Valid
130,47,0.836,42,True,Valid
130,40,0.608,54,True,Valid
130,65,0.694,14,True,Valid
131,1,0.921,131,True,Valid
131,2,0.847,131,True,Valid
131,3,0.864,131,True,Valid
131,31,0.704,94,True,Valid
131,35,0.888,85,True,Valid
131,47,0.836,43,True,Valid
131,40,0.62,55,True,Valid
131,65,0.727,15,True,Valid
132,1,0.925,132,True,Valid
132,2,0.85,132,True,Valid
132,3,0.872,132,True,Valid
132,31,0.74,95,True,Valid
132,35,0.88,86,True,Valid
132,47,0.857,44,True,Valid
132,40,0.626,56,True,Valid
132,65,0.727,16,True,Valid
133,1,0.924,133,True,Valid
133,2,0.857,133,True,Valid
133,3,0.873,133,True,Valid
133,31,0.723,96,True,Valid
133,35,0.863,87,True,Valid
133,47,0.864,45,True,Valid
133,40,0.632,57,True,Valid
133,65,0.72,17,True,Valid
134,1,0.923,134,True,Valid
134,2,0.863,134,True,Valid
134,3,0.863,134,True,Valid
134,31,0.71,97,True,Valid
134,35,0.867,88,True,Valid
134,47,0.876,46,True,Valid
134,40,0.656,58,True,Valid
134,65,0.736,18,True,Valid
135,1,0.916,135,True,Valid
135,2,0.866,135,True,Valid
135,3,0.859,135,True,Valid
135,31,0.727,98,True,Valid
135,35,0.867,89,True,Valid
135,47,0.85,47,True,Valid
135,40,0.656,59,True,Valid
135,65,0.748,19,True,Valid
135,12,0.434,68,True,Valid
136,1,0.917,136,True,Valid
136,2,0.861,136,True,Valid
136,3,0.854,136,True,Valid
136,31,0.731,99,True,Valid
136,35,0.874,90,True,Valid
136,47,0.859,48,True,Valid
136,40,0.643,60,True,Valid
136,65,0.747,20,True,Valid
136,12,0.409,69,True,Valid
137,1,0.916,137,True,Valid
137,2,0.86,137,True,Valid
137,3,0.851,137,True,Valid
137,31,0.73,100,True,Valid
137,35,0.873,91,True,Valid
137,47,0.833,49,True,Valid
137,40,0.657,61,True,Valid
137,65,0.71,21,True,Valid
137,12,0.404,70,True,Valid
138,1,0.917,138,True,Valid
138,2,0.865,138,True,Valid
138,3,0.874,138,True,Valid
138,31,0.742,101,True,Valid
138,35,0.874,92,True,Valid
138,47,0.833,50,True,Valid
138,40,0.697,62,True,Valid
138,65,0.74,22,True,Valid
138,12,0.375,71,True,Valid
139,1,0.922,139,True,Valid
139,2,0.868,139,True,Valid
139,3,0.88,139,True,Valid
139,31,0.735,102,True,Valid
139,35,0.875,93,True,Valid
139,47,0.832,51,True,Valid
139,40,0.715,63,True,Valid
139,65,0.766,23,True,Valid
140,1,0.921,140,True,Valid
140,2,0.859,140,True,Valid
140,3,0.869,140,True,Valid
140,31,0.735,103,True,Valid
140,35,0.869,94,True,Valid
140,47,0.828,52,True,Valid
140,40,0.74,64,True,Valid
140,65,0.772,24,True,Valid
140,12,0.303,72,False,Low_Conf
141,1,0.918,141,True,Valid
141,2,0.861,141,True,Valid
141,3,0.866,141,True,Valid
141,31,0.794,104,True,Valid
141,35,0.882,95,True,Valid
141,47,0.851,53,True,Valid
141,40,0.714,65,True,Valid
141,65,0.778,25,True,Valid
141,12,0.362,73,True,Valid
142,1,0.911,142,True,Valid
142,2,0.858,142,True,Valid
142,3,0.886,142,True,Valid
142,31,0.802,105,True,Valid
142,35,0.892,96,True,Valid
142,47,0.854,54,True,Valid
142,40,0.72,66,True,Valid
142,65,0.756,26,True,Valid
142,12,0.447,74,True,Valid
143,1,0.917,143,True,Valid
143,2,0.862,143,True,Valid
143,3,0.886,143,True,Valid
143,31,0.793,106,True,Valid
143,35,0.878,97,True,Valid
143,47,0.86,55,True,Valid
143,40,0.7,67,True,Valid
143,65,0.742,27,True,Valid
143,12,0.48,75,True,Valid
144,1,0.917,144,True,Valid
144,2,0.87,144,True,Valid
144,3,0.901,144,True,Valid
144,31,0.795,107,True,Valid
144,35,0.878,98,True,Valid
144,47,0.854,56,True,Valid
144,40,0.681,68,True,Valid
144,65,0.764,28,True,Valid
144,12,0.427,76,True,Valid
145,1,0.923,145,True,Valid
145,2,0.862,145,True,Valid
145,3,0.911,145,True,Valid
145,31,0.748,108,True,Valid
145,35,0.88,99,True,Valid
145,47,0.866,57,True,Valid
145,40,0.732,69,True,Valid
145,65,0.732,29,True,Valid
146,1,0.916,146,True,Valid
146,2,0.856,146,True,Valid
146,3,0.903,146,True,Valid
146,31,0.71,109,True,Valid
146,35,0.879,100,True,Valid
146,47,0.861,58,True,Valid
146,40,0.701,70,True,Valid
146,65,0.74,30,True,Valid
147,1,0.915,147,True,Valid
147,2,0.869,147,True,Valid
147,3,0.92,147,True,Valid
147,31,0.644,110,True,Valid
147,35,0.884,101,True,Valid
147,47,0.859,59,True,Valid
147,40,0.683,71,True,Valid
147,65,0.705,31,True,Valid
148,1,0.918,148,True,Valid
148,2,0.875,148,True,Valid
148,3,0.913,148,True,Valid
148,31,0.569,111,True,Valid
148,35,0.88,102,True,Valid
148,47,0.853,60,True,Valid
148,40,0.7,72,True,Valid
148,65,0.697,32,True,Valid
148,12,0.37,77,True,Valid
149,1,0.916,149,True,Valid
149,2,0.87,149,True,Valid
149,3,0.89,149,True,Valid
149,31,0.568,112,True,Valid
149,35,0.876,103,True,Valid
149,47,0.865,61,True,Valid
149,40,0.699,73,True,Valid
149,65,0.73,33,True,Valid
149,12,0.392,78,True,Valid
150,1,0.914,150,True,Valid
150,2,0.854,150,True,Valid
150,3,0.89,150,True,Valid
150,31,0.567,113,True,Valid
150,35,0.883,104,True,Valid
150,47,0.869,62,True,Valid
150,40,0.733,74,True,Valid
150,65,0.711,34,True,Valid
150,12,0.44,79,True,Valid
151,1,0.911,151,True,Valid
151,2,0.855,151,True,Valid
151,3,0.881,151,True,Valid
151,31,0.642,114,True,Valid
151,35,0.884,105,True,Valid
151,47,0.879,63,True,Valid
151,40,0.737,75,True,Valid
151,65,0.698,35,True,Valid
151,12,0.462,80,True,Valid
152,1,0.918,152,True,Valid
152,2,0.853,152,True,Valid
152,3,0.86,152,True,Valid
152,31,0.684,115,True,Valid
152,35,0.887,106,True,Valid
152,47,0.876,64,True,Valid
152,40,0.734,76,True,Valid
152,65,0.714,36,True,Valid
152,12,0.495,81,True,Valid
153,1,0.923,153,True,Valid
153,2,0.861,153,True,Valid
153,3,0.855,153,True,Valid
153,31,0.721,116,True,Valid
153,35,0.892,107,True,Valid
153,47,0.854,65,True,Valid
153,40,0.753,77,True,Valid
153,65,0.714,37,True,Valid
153,12,0.339,82,False,Low_Conf
154,1,0.926,154,True,Valid
154,2,0.861,154,True,Valid
154,3,0.858,154,True,Valid
154,31,0.748,117,True,Valid
154,35,0.894,108,True,Valid
154,47,0.836,66,True,Valid
154,40,0.71,78,True,Valid
154,65,0.727,38,True,Valid
155,1,0.92,155,True,Valid
155,2,0.87,155,True,Valid
155,3,0.857,155,True,Valid
155,31,0.753,118,True,Valid
155,35,0.89,109,True,Valid
155,47,0.84,67,True,Valid
155,40,0.672,79,True,Valid
155,65,0.742,39,True,Valid
156,1,0.91,156,True,Valid
156,2,0.846,156,True,Valid
156,3,0.826,156,True,Valid
156,31,0.756,119,True,Valid
156,35,0.886,110,True,Valid
156,47,0.807,68,True,Valid
156,40,0.557,80,True,Valid
156,65,0.747,40,True,Valid
157,1,0.907,157,True,Valid
157,2,0.853,157,True,Valid
157,3,0.822,157,True,Valid
157,31,0.739,120,True,Valid
157,35,0.884,111,True,Valid
157,47,0.797,69,True,Valid
157,40,0.56,81,True,Valid
157,65,0.673,41,True,Valid
158,1,0.919,158,True,Valid
158,2,0.858,158,True,Valid
158,3,0.815,158,True,Valid
158,31,0.695,121,True,Valid
158,35,0.888,112,True,Valid
158,47,0.815,70,True,Valid
158,40,0.524,82,True,Valid
158,65,0.7,42,True,Valid
159,1,0.915,159,True,Valid
159,2,0.867,159,True,Valid
159,3,0.823,159,True,Valid
159,31,0.664,122,True,Valid
159,35,0.904,113,True,Valid
159,47,0.819,71,True,Valid
159,40,0.52,83,True,Valid
159,65,0.758,43,True,Valid
160,1,0.921,160,True,Valid
160,2,0.855,160,True,Valid
160,3,0.839,160,True,Valid
160,31,0.65,123,True,Valid
160,35,0.907,114,True,Valid
160,47,0.819,72,True,Valid
160,40,0.52,84,True,Valid
160,65,0.756,44,True,Valid
161,1,0.913,161,True,Valid
161,2,0.852,161,True,Valid
161,3,0.842,161,True,Valid
161,31,0.681,124,True,Valid
161,35,0.905,115,True,Valid
161,47,0.824,73,True,Valid
161,40,0.505,85,True,Valid
161,65,0.757,45,True,Valid
161,70,0.471,1,False,Unstable_Track
162,1,0.903,162,True,Valid
162,2,0.857,162,True,Valid
162,3,0.854,162,True,Valid
162,31,0.683,125,True,Valid
162,35,0.907,116,True,Valid
162,47,0.831,74,True,Valid
162,40,0.524,86,True,Valid
162,65,0.771,46,True,Valid
162,70,0.416,2,False,Unstable_Track
162,72,0.326,1,False,Low_Conf
163,1,0.898,163,True,Valid
163,2,0.856,163,True,Valid
163,3,0.837,163,True,Valid
163,31,0.781,126,True,Valid
163,35,0.908,117,True,Valid
163,47,0.832,75,True,Valid
163,40,0.479,87,True,Valid
163,65,0.735,47,True,Valid
163,70,0.47,3,False,Unstable_Track
163,72,0.481,2,False,Unstable_Track
164,1,0.903,164,True,Valid
164,2,0.848,164,True,Valid
164,3,0.839,164,True,Valid
164,31,0.729,127,True,Valid
164,35,0.897,118,True,Valid
164,47,0.848,76,True,Valid
164,40,0.433,88,True,Valid
164,65,0.751,48,True,Valid
164,70,0.485,4,False,Unstable_Track
164,72,0.556,3,False,Unstable_Track
165,1,0.908,165,True,Valid
165,2,0.858,165,True,Valid
165,3,0.844,165,True,Valid
165,31,0.712,128,True,Valid
165,35,0.89,119,True,Valid
165,47,0.839,77,True,Valid
165,40,0.338,89,False,Low_Conf
165,65,0.736,49,True,Valid
165,70,0.559,5,True,Valid
165,72,0.635,4,False,Unstable_Track
166,1,0.91,166,True,Valid
166,2,0.847,166,True,Valid
166,3,0.844,166,True,Valid
166,31,0.721,129,True,Valid
166,35,0.885,120,True,Valid
166,47,0.843,78,True,Valid
166,40,0.288,90,False,Low_Conf
166,65,0.756,50,True,Valid
166,70,0.604,6,True,Valid
166,72,0.645,5,True,Valid
167,1,0.909,167,True,Valid
167,2,0.852,167,True,Valid
167,3,0.849,167,True,Valid
167,31,0.69,130,True,Valid
167,35,0.876,121,True,Valid
167,47,0.845,79,True,Valid
167,65,0.793,51,True,Valid
167,70,0.64,7,True,Valid
167,72,0.643,6,True,Valid
168,1,0.906,168,True,Valid
168,2,0.849,168,True,Valid
168,3,0.85,168,True,Valid
168,31,0.697,131,True,Valid
168,35,0.874,122,True,Valid
168,47,0.844,80,True,Valid
168,65,0.791,52,True,Valid
168,70,0.651,8,True,Valid
168,72,0.708,7,True,Valid
169,1,0.915,169,True,Valid
169,2,0.842,169,True,Valid
169,3,0.843,169,True,Valid
169,31,0.682,132,True,Valid
169,35,0.872,123,True,Valid
169,47,0.848,81,True,Valid
169,65,0.772,53,True,Valid
169,70,0.665,9,True,Valid
169,72,0.733,8,True,Valid
170,1,0.912,170,True,Valid
170,2,0.844,170,True,Valid
170,3,0.844,170,True,Valid
170,31,0.7,133,True,Valid
170,35,0.873,124,True,Valid
170,47,0.847,82,True,Valid
170,65,0.776,54,True,Valid
170,70,0.663,10,True,Valid
170,72,0.755,9,True,Valid
171,1,0.908,171,True,Valid
171,2,0.866,171,True,Valid
171,3,0.846,171,True,Valid
171,31,0.724,134,True,Valid
171,35,0.878,125,True,Valid
171,47,0.856,83,True,Valid
171,65,0.767,55,True,Valid
171,70,0.65,11,True,Valid
171,72,0.776,10,True,Valid
172,1,0.907,172,True,Valid
172,2,0.868,172,True,Valid
172,3,0.843,172,True,Valid
172,31,0.749,135,True,Valid
172,35,0.866,126,True,Valid
172,47,0.861,84,True,Valid
172,65,0.759,56,True,Valid
172,70,0.685,12,True,Valid
172,72,0.776,11,True,Valid
173,1,0.905,173,True,Valid
173,2,0.859,173,True,Valid
173,3,0.828,173,True,Valid
173,31,0.731,136,True,Valid
173,35,0.872,127,True,Valid
173,47,0.869,85,True,Valid
173,65,0.759,57,True,Valid
173,70,0.689,13,True,Valid
173,72,0.765,12,True,Valid
174,1,0.9,174,True,Valid
174,2,0.877,174,True,Valid
174,3,0.831,174,True,Valid
174,31,0.735,137,True,Valid
174,35,0.869,128,True,Valid
174,47,0.884,86,True,Valid
174,65,0.771,58,True,Valid
174,70,0.725,14,True,Valid
174,72,0.742,13,True,Valid
175,1,0.893,175,True,Valid
175,2,0.881,175,True,Valid
175,3,0.834,175,True,Valid
175,31,0.757,138,True,Valid
175,35,0.851,129,True,Valid
175,47,0.87,87,True,Valid
175,65,0.794,59,True,Valid
175,70,0.695,15,True,Valid
175,72,0.757,14,True,Valid
176,1,0.9,176,True,Valid
176,2,0.883,176,True,Valid
176,3,0.845,176,True,Valid
176,31,0.774,139,True,Valid
176,35,0.848,130,True,Valid
176,47,0.848,88,True,Valid
176,65,0.796,60,True,Valid
176,70,0.698,16,True,Valid
176,72,0.768,15,True,Valid
177,1,0.899,177,True,Valid
177,2,0.883,177,True,Valid
177,3,0.849,177,True,Valid
177,31,0.744,140,True,Valid
177,35,0.86,131,True,Valid
177,47,0.85,89,True,Valid
177,65,0.782,61,True,Valid
177,70,0.711,17,True,Valid
177,72,0.782,16,True,Valid
178,1,0.911,178,True,Valid
178,2,0.879,178,True,Valid
178,3,0.834,178,True,Valid
178,31,0.697,141,True,Valid
178,35,0.831,132,True,Valid
178,47,0.849,90,True,Valid
178,65,0.796,62,True,Valid
178,70,0.691,18,True,Valid
178,72,0.781,17,True,Valid
179,1,0.91,179,True,Valid
179,2,0.875,179,True,Valid
179,3,0.841,179,True,Valid
179,31,0.665,142,True,Valid
179,35,0.84,133,True,Valid
179,47,0.838,91,True,Valid
179,65,0.781,63,True,Valid
179,70,0.597,19,True,Valid
179,72,0.788,18,True,Valid
180,1,0.887,180,True,Valid
180,2,0.868,180,True,Valid
180,3,0.837,180,True,Valid
180,31,0.672,143,True,Valid
180,35,0.859,134,True,Valid
180,47,0.83,92,True,Valid
180,65,0.739,64,True,Valid
180,70,0.531,20,True,Valid
180,72,0.804,19,True,Valid
181,1,0.883,181,True,Valid
181,2,0.863,181,True,Valid
181,3,0.813,181,True,Valid
181,31,0.623,144,True,Valid
181,35,0.884,135,True,Valid
181,47,0.825,93,True,Valid
181,65,0.726,65,True,Valid
181,70,0.548,21,True,Valid
181,72,0.822,20,True,Valid
182,1,0.868,182,True,Valid
182,2,0.855,182,True,Valid
182,3,0.783,182,True,Valid
182,31,0.641,145,True,Valid
182,35,0.873,136,True,Valid
182,47,0.847,94,True,Valid
182,65,0.714,66,True,Valid
182,70,0.469,22,True,Valid
182,72,0.825,21,True,Valid
182,75,0.376,1,False,Unstable_Track
183,1,0.883,183,True,Valid
183,2,0.862,183,True,Valid
183,3,0.785,183,True,Valid
183,31,0.588,146,True,Valid
183,35,0.88,137,True,Valid
183,47,0.865,95,True,Valid
183,65,0.699,67,True,Valid
183,70,0.5,23,True,Valid
183,72,0.82,22,True,Valid
184,1,0.895,184,True,Valid
184,2,0.847,184,True,Valid
184,3,0.755,184,True,Valid
184,31,0.608,147,True,Valid
184,35,0.872,138,True,Valid
184,47,0.866,96,True,Valid
184,65,0.621,68,True,Valid
184,70,0.448,24,True,Valid
184,72,0.827,23,True,Valid
184,78,0.46,1,False,Unstable_Track
185,1,0.891,185,True,Valid
185,2,0.853,185,True,Valid
185,3,0.746,185,True,Valid
185,31,0.628,148,True,Valid
185,35,0.875,139,True,Valid
185,47,0.866,97,True,Valid
185,65,0.612,69,True,Valid
185,70,0.475,25,True,Valid
185,72,0.837,24,True,Valid
186,1,0.883,186,True,Valid
186,2,0.854,186,True,Valid
186,3,0.743,186,True,Valid
186,31,0.669,149,True,Valid
186,35,0.868,140,True,Valid
186,47,0.863,98,True,Valid
186,65,0.585,70,True,Valid
186,70,0.281,26,False,Low_Conf
186,72,0.835,25,True,Valid
186,75,0.484,2,False,Unstable_Track
187,1,0.885,187,True,Valid
187,2,0.85,187,True,Valid
187,3,0.781,187,True,Valid
187,31,0.652,150,True,Valid
187,35,0.873,141,True,Valid
187,47,0.866,99,True,Valid
187,65,0.609,71,True,Valid
187,72,0.853,26,True,Valid
187,81,0.318,1,False,Low_Conf
187,75,0.544,3,False,Unstable_Track
188,1,0.888,188,True,Valid
188,2,0.852,188,True,Valid
188,3,0.747,188,True,Valid
188,31,0.699,151,True,Valid
188,35,0.884,142,True,Valid
188,47,0.868,100,True,Valid
188,65,0.62,72,True,Valid
188,72,0.854,27,True,Valid
188,81,0.26,2,False,Low_Conf
188,75,0.525,4,False,Unstable_Track
188,70,0.408,27,True,Valid
189,1,0.891,189,True,Valid
189,2,0.853,189,True,Valid
189,3,0.752,189,True,Valid
189,31,0.707,152,True,Valid
189,35,0.882,143,True,Valid
189,47,0.865,101,True,Valid
189,65,0.611,73,True,Valid
189,72,0.855,28,True,Valid
189,75,0.632,5,True,Valid
189,85,0.324,1,False,Low_Conf
189,70,0.622,28,True,Valid
190,1,0.877,190,True,Valid
190,2,0.853,190,True,Valid
190,3,0.754,190,True,Valid
190,31,0.655,153,True,Valid
190,35,0.896,144,True,Valid
190,47,0.857,102,True,Valid
190,65,0.601,74,True,Valid
190,72,0.862,29,True,Valid
190,75,0.557,6,True,Valid
190,85,0.309,2,False,Low_Conf
190,70,0.679,29,True,Valid
191,1,0.882,191,True,Valid
191,2,0.866,191,True,Valid
191,3,0.762,191,True,Valid
191,31,0.633,154,True,Valid
191,35,0.898,145,True,Valid
191,47,0.852,103,True,Valid
191,65,0.641,75,True,Valid
191,72,0.857,30,True,Valid
191,75,0.505,7,True,Valid
191,70,0.678,30,True,Valid
192,1,0.879,192,True,Valid
192,2,0.867,192,True,Valid
192,3,0.781,192,True,Valid
192,31,0.653,155,True,Valid
192,35,0.883,146,True,Valid
192,47,0.848,104,True,Valid
192,65,0.708,76,True,Valid
192,72,0.857,31,True,Valid
192,75,0.415,8,True,Valid
192,70,0.786,31,True,Valid
193,1,0.878,193,True,Valid
193,2,0.865,193,True,Valid
193,3,0.757,193,True,Valid
193,31,0.561,156,True,Valid
193,35,0.884,147,True,Valid
193,47,0.839,105,True,Valid
193,65,0.735,77,True,Valid
193,72,0.836,32,True,Valid
193,75,0.366,9,True,Valid
193,70,0.752,32,True,Valid
194,1,0.883,194,True,Valid
194,2,0.857,194,True,Valid
194,3,0.74,194,True,Valid
194,31,0.439,157,True,Valid
194,35,0.884,148,True,Valid
194,47,0.828,106,True,Valid
194,65,0.747,78,True,Valid
194,72,0.832,33,True,Valid
194,75,0.29,10,False,Low_Conf
194,70,0.717,33,True,Valid
194,81,0.258,3,False,Low_Conf
195,1,0.881,195,True,Valid
195,2,0.858,195,True,Valid
195,3,0.731,195,True,Valid
195,31,0.337,158,False,Low_Conf
195,35,0.876,149,True,Valid
195,47,0.829,107,True,Valid
195,65,0.742,79,True,Valid
195,72,0.829,34,True,Valid
195,70,0.683,34,True,Valid
196,1,0.886,196,True,Valid
196,2,0.845,196,True,Valid
196,3,0.731,196,True,Valid
196,35,0.859,150,True,Valid
196,47,0.824,108,True,Valid
196,65,0.743,80,True,Valid
196,72,0.82,35,True,Valid
196,70,0.709,35,True,Valid
196,81,0.26,4,False,Low_Conf
197,1,0.889,197,True,Valid
197,2,0.845,197,True,Valid
197,3,0.707,197,True,Valid
197,35,0.868,151,True,Valid
197,47,0.839,109,True,Valid
197,65,0.732,81,True,Valid
197,72,0.828,36,True,Valid
197,70,0.716,36,True,Valid
198,1,0.882,198,True,Valid
198,2,0.835,198,True,Valid
198,3,0.743,198,True,Valid
198,35,0.882,152,True,Valid
198,47,0.835,110,True,Valid
198,65,0.727,82,True,Valid
198,72,0.839,37,True,Valid
198,70,0.714,37,True,Valid
198,81,0.292,5,False,Low_Conf
199,1,0.886,199,True,Valid
199,2,0.83,199,True,Valid
199,3,0.788,199,True,Valid
199,35,0.871,153,True,Valid
199,47,0.813,111,True,Valid
199,65,0.731,83,True,Valid
199,72,0.821,38,True,Valid
199,70,0.786,38,True,Valid
199,81,0.256,6,False,Low_Conf
200,1,0.888,200,True,Valid
200,2,0.822,200,True,Valid
200,3,0.793,200,True,Valid
200,35,0.857,154,True,Valid
200,47,0.799,112,True,Valid
200,65,0.755,84,True,Valid
200,72,0.833,39,True,Valid
200,70,0.776,39,True,Valid
200,81,0.261,7,False,Low_Conf
201,1,0.879,201,True,Valid
201,2,0.83,201,True,Valid
201,3,0.776,201,True,Valid
201,35,0.856,155,True,Valid
201,47,0.78,113,True,Valid
201,65,0.783,85,True,Valid
201,72,0.831,40,True,Valid
201,70,0.774,40,True,Valid
202,1,0.875,202,True,Valid
202,2,0.834,202,True,Valid
202,3,0.762,202,True,Valid
202,35,0.849,156,True,Valid
202,47,0.742,114,True,Valid
202,65,0.836,86,True,Valid
202,72,0.823,41,True,Valid
202,70,0.781,41,True,Valid
203,1,0.878,203,True,Valid
203,2,0.819,203,True,Valid
203,3,0.765,203,True,Valid
203,35,0.843,157,True,Valid
203,47,0.731,115,True,Valid
203,65,0.81,87,True,Valid
203,72,0.807,42,True,Valid
203,70,0.775,42,True,Valid
204,1,0.884,204,True,Valid
204,2,0.822,204,True,Valid
204,3,0.781,204,True,Valid
204,35,0.841,158,True,Valid
204,47,0.729,116,True,Valid
204,65,0.817,88,True,Valid
204,72,0.792,43,True,Valid
204,70,0.763,43,True,Valid
204,81,0.392,8,True,Valid
205,1,0.878,205,True,Valid
205,2,0.815,205,True,Valid
205,3,0.778,205,True,Valid
205,35,0.847,159,True,Valid
205,47,0.749,117,True,Valid
205,65,0.763,89,True,Valid
205,72,0.782,44,True,Valid
205,70,0.756,44,True,Valid
205,81,0.434,9,True,Valid
206,1,0.863,206,True,Valid
206,2,0.838,206,True,Valid
206,3,0.779,206,True,Valid
206,35,0.851,160,True,Valid
206,47,0.761,118,True,Valid
206,65,0.728,90,True,Valid
206,72,0.777,45,True,Valid
206,70,0.751,45,True,Valid
206,81,0.445,10,True,Valid
207,1,0.87,207,True,Valid
207,2,0.849,207,True,Valid
207,3,0.777,207,True,Valid
207,35,0.851,161,True,Valid
207,47,0.754,119,True,Valid
207,65,0.708,91,True,Valid
207,72,0.787,46,True,Valid
207,70,0.807,46,True,Valid
207,81,0.374,11,True,Valid
208,1,0.879,208,True,Valid
208,2,0.837,208,True,Valid
208,3,0.755,208,True,Valid
208,35,0.862,162,True,Valid
208,47,0.746,120,True,Valid
208,65,0.664,92,True,Valid
208,72,0.79,47,True,Valid
208,70,0.763,47,True,Valid
209,1,0.877,209,True,Valid
209,2,0.836,209,True,Valid
209,3,0.772,209,True,Valid
209,35,0.866,163,True,Valid
209,47,0.738,121,True,Valid
209,65,0.642,93,True,Valid
209,72,0.795,48,True,Valid
209,70,0.733,48,True,Valid
210,1,0.863,210,True,Valid
210,2,0.833,210,True,Valid
210,3,0.761,210,True,Valid
210,35,0.88,164,True,Valid
210,47,0.753,122,True,Valid
210,65,0.629,94,True,Valid
210,72,0.778,49,True,Valid
210,70,0.729,49,True,Valid
211,1,0.852,211,True,Valid
211,2,0.837,211,True,Valid
211,3,0.743,211,True,Valid
211,35,0.877,165,True,Valid
211,47,0.747,123,True,Valid
211,65,0.637,95,True,Valid
211,72,0.806,50,True,Valid
211,70,0.684,50,True,Valid
211,88,0.427,1,False,Unstable_Track
212,1,0.856,212,True,Valid
212,2,0.835,212,True,Valid
212,3,0.747,212,True,Valid
212,35,0.879,166,True,Valid
212,47,0.746,124,True,Valid
212,65,0.572,96,True,Valid
212,72,0.815,51,True,Valid
212,70,0.688,51,True,Valid
212,88,0.487,2,False,Unstable_Track
213,1,0.858,213,True,Valid
213,2,0.848,213,True,Valid
213,3,0.725,213,True,Valid
213,35,0.892,167,True,Valid
213,47,0.729,125,True,Valid
213,65,0.512,97,True,Valid
213,72,0.834,52,True,Valid
213,70,0.664,52,True,Valid
213,88,0.488,3,False,Unstable_Track
214,1,0.851,214,True,Valid
214,2,0.865,214,True,Valid
214,3,0.718,214,True,Valid
214,35,0.892,168,True,Valid
214,47,0.757,126,True,Valid
214,65,0.495,98,True,Valid
214,72,0.822,53,True,Valid
214,70,0.604,53,True,Valid
214,88,0.524,4,False,Unstable_Track
215,1,0.851,215,True,Valid
215,2,0.864,215,True,Valid
215,3,0.729,215,True,Valid
215,35,0.903,169,True,Valid
215,47,0.747,127,True,Valid
215,65,0.385,99,True,Valid
215,72,0.816,54,True,Valid
215,70,0.588,54,True,Valid
215,88,0.603,5,True,Valid
215,90,0.477,1,False,Unstable_Track
216,1,0.842,216,True,Valid
216,2,0.851,216,True,Valid
216,3,0.73,216,True,Valid
216,35,0.897,170,True,Valid
216,47,0.748,128,True,Valid
216,72,0.832,55,True,Valid
216,70,0.703,55,True,Valid
216,88,0.554,6,True,Valid
216,90,0.506,2,False,Unstable_Track
216,81,0.334,12,False,Low_Conf
217,1,0.84,217,True,Valid
217,2,0.854,217,True,Valid
217,3,0.729,217,True,Valid
217,35,0.891,171,True,Valid
217,47,0.759,129,True,Valid
217,72,0.829,56,True,Valid
217,70,0.733,56,True,Valid
217,88,0.557,7,True,Valid
217,90,0.582,3,False,Unstable_Track
217,81,0.356,13,True,Valid
218,1,0.825,218,True,Valid
218,2,0.84,218,True,Valid
218,3,0.678,218,True,Valid
218,35,0.893,172,True,Valid
218,47,0.736,130,True,Valid
218,72,0.819,57,True,Valid
218,70,0.737,57,True,Valid
218,88,0.622,8,True,Valid
218,90,0.636,4,False,Unstable_Track
218,81,0.316,14,False,Low_Conf
219,1,0.824,219,True,Valid
219,2,0.843,219,True,Valid
219,3,0.698,219,True,Valid
219,35,0.888,173,True,Valid
219,47,0.731,131,True,Valid
219,72,0.817,58,True,Valid
219,70,0.757,58,True,Valid
219,88,0.643,9,True,Valid
219,90,0.63,5,True,Valid
219,81,0.258,15,False,Low_Conf
220,1,0.83,220,True,Valid
220,2,0.846,220,True,Valid
220,3,0.719,220,True,Valid
220,35,0.878,174,True,Valid
220,47,0.739,132,True,Valid
220,72,0.816,59,True,Valid
220,70,0.763,59,True,Valid
220,88,0.655,10,True,Valid
220,90,0.584,6,True,Valid
221,1,0.841,221,True,Valid
221,2,0.848,221,True,Valid
221,3,0.74,221,True,Valid
221,35,0.878,175,True,Valid
221,47,0.747,133,True,Valid
221,72,0.802,60,True,Valid
221,70,0.773,60,True,Valid
221,88,0.646,11,True,Valid
221,90,0.664,7,True,Valid
